{
  "store_stats": {
    "total_documents": 21,
    "persist_dir": "/root/.openclaw/workspace/memory/chroma_db",
    "chroma_available": true,
    "embedding_available": false,
    "bm25_available": true,
    "embedding_dim": 384
  },
  "benchmark": {
    "semantic": {
      "times": [
        0.9896755218505859,
        0.9567737579345703,
        0.9365081787109375,
        0.8924007415771484,
        0.9219646453857422,
        0.9074211120605469,
        0.9288787841796875,
        1.3439655303955078
      ],
      "avg_ms": 0.98,
      "min_ms": 0.89,
      "max_ms": 1.34
    },
    "keyword": {
      "times": [
        0.476837158203125,
        0.052928924560546875,
        1.8768310546875,
        0.039577484130859375,
        0.0400543212890625,
        0.039577484130859375,
        0.04315376281738281,
        0.05054473876953125
      ],
      "avg_ms": 0.33,
      "min_ms": 0.04,
      "max_ms": 1.88
    },
    "hybrid": {
      "times": [
        1.672983169555664,
        1.2052059173583984,
        3.6797523498535156,
        1.1281967163085938,
        1.1241436004638672,
        1.142740249633789,
        1.3539791107177734,
        1.5408992767333984
      ],
      "avg_ms": 1.61,
      "min_ms": 1.12,
      "max_ms": 3.68
    }
  },
  "timestamp": 1772174894.0700018
}